{"minzoom":0,"maxzoom":9,"center":[-60.87204,13.701385,9.0],"bounds":[-61.078953,13.701385,-60.87204,14.103868]}