{"minzoom":0,"maxzoom":8,"center":[-61.078953,13.701385,8.0],"bounds":[-61.078953,13.701385,-60.87204,14.103868]}